id,scheduled_at,platform,song,imagery,imagery_url,clip_url,text,drafts,reply_text,x_media_key,media_key,approved,execution_mode,post_type,desired_privacy,creative_id,clip_id,concept,destination
FP-BRAND-AM-W2-01-13-X,2026-07-12T10:15:00-04:00,X,Analog Myth,Analog Myth track 1 cover,https://www.lilyroo.com/assets/albums/analog-myth/art/01-13.jpg,,"13 counts down and refuses to become clean math. Analog Myth keeps humming.

Album room: https://www.lilyroo.com/go/am.html?p=fp-brand-am-w2-01-13-x&to=album","13 counts down and refuses to become clean math. Analog Myth keeps humming.

Album room: https://www.lilyroo.com/go/am.html?p=fp-brand-am-w2-01-13-x&to=album||Second pass through the Analog Myth room: 13 counts down and refuses to become clean math.

Album room: https://www.lilyroo.com/go/am.html?p=fp-brand-am-w2-01-13-x&to=album","Album: https://www.lilyroo.com/go/am.html?p=fp-brand-am-w2-01-13-x&to=album
Echo: https://www.lilyroo.com/go/am.html?p=fp-brand-am-w2-01-13-x&to=echo
Video: https://www.lilyroo.com/go/am.html?p=fp-brand-am-w2-01-13-x&to=video",,analog-myth-01-13-cover,yes,auto,image,,,,,
FP-BRAND-AM-W2-01-13-FACEBOOK,2026-07-12T11:20:00-04:00,Facebook,Analog Myth,Analog Myth track 1 cover,https://www.lilyroo.com/assets/albums/analog-myth/art/01-13.jpg,,"Analog Myth afterglow, track 1: 13 counts down and refuses to become clean math.

The album page, Echo Thread play-through, and full playlist are live.","Analog Myth afterglow, track 1: 13 counts down and refuses to become clean math.

The album page, Echo Thread play-through, and full playlist are live.||Second pass through the Analog Myth room: 13 counts down and refuses to become clean math.","Analog Myth: https://www.lilyroo.com/go/am.html?p=fp-brand-am-w2-01-13-facebook&to=album
Echo Thread: https://www.lilyroo.com/go/am.html?p=fp-brand-am-w2-01-13-facebook&to=echo
Track video: https://www.lilyroo.com/go/am.html?p=fp-brand-am-w2-01-13-facebook&to=video",,analog-myth-01-13-cover,yes,auto,image,,,,,
FP-BRAND-AM-W2-02-GIRLS-CAMP-X,2026-07-13T10:15:00-04:00,X,Analog Myth,Analog Myth track 2 cover,https://www.lilyroo.com/assets/albums/analog-myth/art/02-girls-camp.jpg,,"Girls Camp leaves the old cabin lights on just long enough for the story to change shape. Analog Myth keeps humming.

Album room: https://www.lilyroo.com/go/am.html?p=fp-brand-am-w2-02-girls-camp-x&to=album","Girls Camp leaves the old cabin lights on just long enough for the story to change shape. Analog Myth keeps humming.

Album room: https://www.lilyroo.com/go/am.html?p=fp-brand-am-w2-02-girls-camp-x&to=album||Second pass through the Analog Myth room: Girls Camp leaves the old cabin lights on just long enough for the story to change shape.

Album room: https://www.lilyroo.com/go/am.html?p=fp-brand-am-w2-02-girls-camp-x&to=album","Album: https://www.lilyroo.com/go/am.html?p=fp-brand-am-w2-02-girls-camp-x&to=album
Echo: https://www.lilyroo.com/go/am.html?p=fp-brand-am-w2-02-girls-camp-x&to=echo
Video: https://www.lilyroo.com/go/am.html?p=fp-brand-am-w2-02-girls-camp-x&to=video",,analog-myth-02-girls-camp-cover,yes,auto,image,,,,,
FP-BRAND-AM-W2-02-GIRLS-CAMP-FACEBOOK,2026-07-13T11:20:00-04:00,Facebook,Analog Myth,Analog Myth track 2 cover,https://www.lilyroo.com/assets/albums/analog-myth/art/02-girls-camp.jpg,,"Analog Myth afterglow, track 2: Girls Camp leaves the old cabin lights on just long enough for the story to change shape.

The album page, Echo Thread play-through, and full playlist are live.","Analog Myth afterglow, track 2: Girls Camp leaves the old cabin lights on just long enough for the story to change shape.

The album page, Echo Thread play-through, and full playlist are live.||Second pass through the Analog Myth room: Girls Camp leaves the old cabin lights on just long enough for the story to change shape.","Analog Myth: https://www.lilyroo.com/go/am.html?p=fp-brand-am-w2-02-girls-camp-facebook&to=album
Echo Thread: https://www.lilyroo.com/go/am.html?p=fp-brand-am-w2-02-girls-camp-facebook&to=echo
Track video: https://www.lilyroo.com/go/am.html?p=fp-brand-am-w2-02-girls-camp-facebook&to=video",,analog-myth-02-girls-camp-cover,yes,auto,image,,,,,
FP-BRAND-AM-W2-03-ANALOG-MYTH-X,2026-07-14T10:15:00-04:00,X,Analog Myth,Analog Myth track 3 cover,https://www.lilyroo.com/assets/albums/analog-myth/art/03-analog-myth.jpg,,"Analog Myth keeps the clocks unreliable and the tape warm. Analog Myth keeps humming.

Album room: https://www.lilyroo.com/go/am.html?p=fp-brand-am-w2-03-analog-myth-x&to=album","Analog Myth keeps the clocks unreliable and the tape warm. Analog Myth keeps humming.

Album room: https://www.lilyroo.com/go/am.html?p=fp-brand-am-w2-03-analog-myth-x&to=album||Second pass through the Analog Myth room: Analog Myth keeps the clocks unreliable and the tape warm.

Album room: https://www.lilyroo.com/go/am.html?p=fp-brand-am-w2-03-analog-myth-x&to=album","Album: https://www.lilyroo.com/go/am.html?p=fp-brand-am-w2-03-analog-myth-x&to=album
Echo: https://www.lilyroo.com/go/am.html?p=fp-brand-am-w2-03-analog-myth-x&to=echo
Video: https://www.lilyroo.com/go/am.html?p=fp-brand-am-w2-03-analog-myth-x&to=video",,analog-myth-03-analog-myth-cover,yes,auto,image,,,,,
FP-BRAND-AM-W2-03-ANALOG-MYTH-FACEBOOK,2026-07-14T11:20:00-04:00,Facebook,Analog Myth,Analog Myth track 3 cover,https://www.lilyroo.com/assets/albums/analog-myth/art/03-analog-myth.jpg,,"Analog Myth afterglow, track 3: Analog Myth keeps the clocks unreliable and the tape warm.

The album page, Echo Thread play-through, and full playlist are live.","Analog Myth afterglow, track 3: Analog Myth keeps the clocks unreliable and the tape warm.

The album page, Echo Thread play-through, and full playlist are live.||Second pass through the Analog Myth room: Analog Myth keeps the clocks unreliable and the tape warm.","Analog Myth: https://www.lilyroo.com/go/am.html?p=fp-brand-am-w2-03-analog-myth-facebook&to=album
Echo Thread: https://www.lilyroo.com/go/am.html?p=fp-brand-am-w2-03-analog-myth-facebook&to=echo
Track video: https://www.lilyroo.com/go/am.html?p=fp-brand-am-w2-03-analog-myth-facebook&to=video",,analog-myth-03-analog-myth-cover,yes,auto,image,,,,,
FP-BRAND-AM-W2-04-SPILLING-THE-TEA-X,2026-07-15T10:15:00-04:00,X,Analog Myth,Analog Myth track 4 cover,https://www.lilyroo.com/assets/albums/analog-myth/art/04-spilling-the-tea.jpg,,"Spilling the Tea turns the receipt drawer into a tiny movie set. Analog Myth keeps humming.

Album room: https://www.lilyroo.com/go/am.html?p=fp-brand-am-w2-04-spilling-the-tea-x&to=album","Spilling the Tea turns the receipt drawer into a tiny movie set. Analog Myth keeps humming.

Album room: https://www.lilyroo.com/go/am.html?p=fp-brand-am-w2-04-spilling-the-tea-x&to=album||Second pass through the Analog Myth room: Spilling the Tea turns the receipt drawer into a tiny movie set.

Album room: https://www.lilyroo.com/go/am.html?p=fp-brand-am-w2-04-spilling-the-tea-x&to=album","Album: https://www.lilyroo.com/go/am.html?p=fp-brand-am-w2-04-spilling-the-tea-x&to=album
Echo: https://www.lilyroo.com/go/am.html?p=fp-brand-am-w2-04-spilling-the-tea-x&to=echo
Video: https://www.lilyroo.com/go/am.html?p=fp-brand-am-w2-04-spilling-the-tea-x&to=video",,analog-myth-04-spilling-the-tea-cover,yes,auto,image,,,,,
FP-BRAND-AM-W2-04-SPILLING-THE-TEA-FACEBOOK,2026-07-15T11:20:00-04:00,Facebook,Analog Myth,Analog Myth track 4 cover,https://www.lilyroo.com/assets/albums/analog-myth/art/04-spilling-the-tea.jpg,,"Analog Myth afterglow, track 4: Spilling the Tea turns the receipt drawer into a tiny movie set.

The album page, Echo Thread play-through, and full playlist are live.","Analog Myth afterglow, track 4: Spilling the Tea turns the receipt drawer into a tiny movie set.

The album page, Echo Thread play-through, and full playlist are live.||Second pass through the Analog Myth room: Spilling the Tea turns the receipt drawer into a tiny movie set.","Analog Myth: https://www.lilyroo.com/go/am.html?p=fp-brand-am-w2-04-spilling-the-tea-facebook&to=album
Echo Thread: https://www.lilyroo.com/go/am.html?p=fp-brand-am-w2-04-spilling-the-tea-facebook&to=echo
Track video: https://www.lilyroo.com/go/am.html?p=fp-brand-am-w2-04-spilling-the-tea-facebook&to=video",,analog-myth-04-spilling-the-tea-cover,yes,auto,image,,,,,
FP-BRAND-AM-W2-05-NO-MORTGAGE-X,2026-07-16T10:15:00-04:00,X,Analog Myth,Analog Myth track 5 cover,https://www.lilyroo.com/assets/albums/analog-myth/art/05-no-mortgage.jpg,,"No Mortgage puts the escape plan on the table and lets it glow. Analog Myth keeps humming.

Album room: https://www.lilyroo.com/go/am.html?p=fp-brand-am-w2-05-no-mortgage-x&to=album","No Mortgage puts the escape plan on the table and lets it glow. Analog Myth keeps humming.

Album room: https://www.lilyroo.com/go/am.html?p=fp-brand-am-w2-05-no-mortgage-x&to=album||Second pass through the Analog Myth room: No Mortgage puts the escape plan on the table and lets it glow.

Album room: https://www.lilyroo.com/go/am.html?p=fp-brand-am-w2-05-no-mortgage-x&to=album","Album: https://www.lilyroo.com/go/am.html?p=fp-brand-am-w2-05-no-mortgage-x&to=album
Echo: https://www.lilyroo.com/go/am.html?p=fp-brand-am-w2-05-no-mortgage-x&to=echo
Video: https://www.lilyroo.com/go/am.html?p=fp-brand-am-w2-05-no-mortgage-x&to=video",,analog-myth-05-no-mortgage-cover,yes,auto,image,,,,,
FP-BRAND-AM-W2-05-NO-MORTGAGE-FACEBOOK,2026-07-16T11:20:00-04:00,Facebook,Analog Myth,Analog Myth track 5 cover,https://www.lilyroo.com/assets/albums/analog-myth/art/05-no-mortgage.jpg,,"Analog Myth afterglow, track 5: No Mortgage puts the escape plan on the table and lets it glow.

The album page, Echo Thread play-through, and full playlist are live.","Analog Myth afterglow, track 5: No Mortgage puts the escape plan on the table and lets it glow.

The album page, Echo Thread play-through, and full playlist are live.||Second pass through the Analog Myth room: No Mortgage puts the escape plan on the table and lets it glow.","Analog Myth: https://www.lilyroo.com/go/am.html?p=fp-brand-am-w2-05-no-mortgage-facebook&to=album
Echo Thread: https://www.lilyroo.com/go/am.html?p=fp-brand-am-w2-05-no-mortgage-facebook&to=echo
Track video: https://www.lilyroo.com/go/am.html?p=fp-brand-am-w2-05-no-mortgage-facebook&to=video",,analog-myth-05-no-mortgage-cover,yes,auto,image,,,,,
FP-BRAND-AM-W2-06-GUARDS-DOWN-X,2026-07-17T10:15:00-04:00,X,Analog Myth,Analog Myth track 6 cover,https://www.lilyroo.com/assets/albums/analog-myth/art/06-guards-down.jpg,,"Guards Down is the sound of armor deciding it has had enough. Analog Myth keeps humming.

Album room: https://www.lilyroo.com/go/am.html?p=fp-brand-am-w2-06-guards-down-x&to=album","Guards Down is the sound of armor deciding it has had enough. Analog Myth keeps humming.

Album room: https://www.lilyroo.com/go/am.html?p=fp-brand-am-w2-06-guards-down-x&to=album||Second pass through the Analog Myth room: Guards Down is the sound of armor deciding it has had enough.

Album room: https://www.lilyroo.com/go/am.html?p=fp-brand-am-w2-06-guards-down-x&to=album","Album: https://www.lilyroo.com/go/am.html?p=fp-brand-am-w2-06-guards-down-x&to=album
Echo: https://www.lilyroo.com/go/am.html?p=fp-brand-am-w2-06-guards-down-x&to=echo
Video: https://www.lilyroo.com/go/am.html?p=fp-brand-am-w2-06-guards-down-x&to=video",,analog-myth-06-guards-down-cover,yes,auto,image,,,,,
FP-BRAND-AM-W2-06-GUARDS-DOWN-FACEBOOK,2026-07-17T11:20:00-04:00,Facebook,Analog Myth,Analog Myth track 6 cover,https://www.lilyroo.com/assets/albums/analog-myth/art/06-guards-down.jpg,,"Analog Myth afterglow, track 6: Guards Down is the sound of armor deciding it has had enough.

The album page, Echo Thread play-through, and full playlist are live.","Analog Myth afterglow, track 6: Guards Down is the sound of armor deciding it has had enough.

The album page, Echo Thread play-through, and full playlist are live.||Second pass through the Analog Myth room: Guards Down is the sound of armor deciding it has had enough.","Analog Myth: https://www.lilyroo.com/go/am.html?p=fp-brand-am-w2-06-guards-down-facebook&to=album
Echo Thread: https://www.lilyroo.com/go/am.html?p=fp-brand-am-w2-06-guards-down-facebook&to=echo
Track video: https://www.lilyroo.com/go/am.html?p=fp-brand-am-w2-06-guards-down-facebook&to=video",,analog-myth-06-guards-down-cover,yes,auto,image,,,,,
FP-BRAND-AM-W2-07-SLOW-WALK-X,2026-07-18T10:15:00-04:00,X,Analog Myth,Analog Myth track 7 cover,https://www.lilyroo.com/assets/albums/analog-myth/art/07-slow-walk.jpg,,"Slow Walk keeps its own pace and lets the room adjust. Analog Myth keeps humming.

Album room: https://www.lilyroo.com/go/am.html?p=fp-brand-am-w2-07-slow-walk-x&to=album","Slow Walk keeps its own pace and lets the room adjust. Analog Myth keeps humming.

Album room: https://www.lilyroo.com/go/am.html?p=fp-brand-am-w2-07-slow-walk-x&to=album||Second pass through the Analog Myth room: Slow Walk keeps its own pace and lets the room adjust.

Album room: https://www.lilyroo.com/go/am.html?p=fp-brand-am-w2-07-slow-walk-x&to=album","Album: https://www.lilyroo.com/go/am.html?p=fp-brand-am-w2-07-slow-walk-x&to=album
Echo: https://www.lilyroo.com/go/am.html?p=fp-brand-am-w2-07-slow-walk-x&to=echo
Video: https://www.lilyroo.com/go/am.html?p=fp-brand-am-w2-07-slow-walk-x&to=video",,analog-myth-07-slow-walk-cover,yes,auto,image,,,,,
FP-BRAND-AM-W2-07-SLOW-WALK-FACEBOOK,2026-07-18T11:20:00-04:00,Facebook,Analog Myth,Analog Myth track 7 cover,https://www.lilyroo.com/assets/albums/analog-myth/art/07-slow-walk.jpg,,"Analog Myth afterglow, track 7: Slow Walk keeps its own pace and lets the room adjust.

The album page, Echo Thread play-through, and full playlist are live.","Analog Myth afterglow, track 7: Slow Walk keeps its own pace and lets the room adjust.

The album page, Echo Thread play-through, and full playlist are live.||Second pass through the Analog Myth room: Slow Walk keeps its own pace and lets the room adjust.","Analog Myth: https://www.lilyroo.com/go/am.html?p=fp-brand-am-w2-07-slow-walk-facebook&to=album
Echo Thread: https://www.lilyroo.com/go/am.html?p=fp-brand-am-w2-07-slow-walk-facebook&to=echo
Track video: https://www.lilyroo.com/go/am.html?p=fp-brand-am-w2-07-slow-walk-facebook&to=video",,analog-myth-07-slow-walk-cover,yes,auto,image,,,,,
FP-BRAND-AM-W2-08-THE-POWER-OF-LIGHT-X,2026-07-19T10:15:00-04:00,X,Analog Myth,Analog Myth track 8 cover,https://www.lilyroo.com/assets/albums/analog-myth/art/08-the-power-of-light.png,,"The Power of Light ends like a switch, a dare, and a little weather system. Analog Myth keeps humming.

Album room: https://www.lilyroo.com/go/am.html?p=fp-brand-am-w2-08-the-power-of-light-x&to=album","The Power of Light ends like a switch, a dare, and a little weather system. Analog Myth keeps humming.

Album room: https://www.lilyroo.com/go/am.html?p=fp-brand-am-w2-08-the-power-of-light-x&to=album||Second pass through the Analog Myth room: The Power of Light ends like a switch, a dare, and a little weather system.

Album room: https://www.lilyroo.com/go/am.html?p=fp-brand-am-w2-08-the-power-of-light-x&to=album","Album: https://www.lilyroo.com/go/am.html?p=fp-brand-am-w2-08-the-power-of-light-x&to=album
Echo: https://www.lilyroo.com/go/am.html?p=fp-brand-am-w2-08-the-power-of-light-x&to=echo
Video: https://www.lilyroo.com/go/am.html?p=fp-brand-am-w2-08-the-power-of-light-x&to=video",,analog-myth-08-the-power-of-light-cover,yes,auto,image,,,,,
FP-BRAND-AM-W2-08-THE-POWER-OF-LIGHT-FACEBOOK,2026-07-19T11:20:00-04:00,Facebook,Analog Myth,Analog Myth track 8 cover,https://www.lilyroo.com/assets/albums/analog-myth/art/08-the-power-of-light.png,,"Analog Myth afterglow, track 8: The Power of Light ends like a switch, a dare, and a little weather system.

The album page, Echo Thread play-through, and full playlist are live.","Analog Myth afterglow, track 8: The Power of Light ends like a switch, a dare, and a little weather system.

The album page, Echo Thread play-through, and full playlist are live.||Second pass through the Analog Myth room: The Power of Light ends like a switch, a dare, and a little weather system.","Analog Myth: https://www.lilyroo.com/go/am.html?p=fp-brand-am-w2-08-the-power-of-light-facebook&to=album
Echo Thread: https://www.lilyroo.com/go/am.html?p=fp-brand-am-w2-08-the-power-of-light-facebook&to=echo
Track video: https://www.lilyroo.com/go/am.html?p=fp-brand-am-w2-08-the-power-of-light-facebook&to=video",,analog-myth-08-the-power-of-light-cover,yes,auto,image,,,,,
FP-BRAND-AM-W3-01-13-X,2026-07-20T10:15:00-04:00,X,Analog Myth,Analog Myth track 1 cover,https://www.lilyroo.com/assets/albums/analog-myth/art/01-13.jpg,,"Room note from Analog Myth: 13 still feels like the first page you probably should not have opened.

Album room: https://www.lilyroo.com/go/am.html?p=fp-brand-am-w3-01-13-x&to=album","Room note from Analog Myth: 13 still feels like the first page you probably should not have opened.

Album room: https://www.lilyroo.com/go/am.html?p=fp-brand-am-w3-01-13-x&to=album||Second pass through the Analog Myth room: 13 still feels like the first page you probably should not have opened.

Album room: https://www.lilyroo.com/go/am.html?p=fp-brand-am-w3-01-13-x&to=album","Album: https://www.lilyroo.com/go/am.html?p=fp-brand-am-w3-01-13-x&to=album
Echo: https://www.lilyroo.com/go/am.html?p=fp-brand-am-w3-01-13-x&to=echo
Video: https://www.lilyroo.com/go/am.html?p=fp-brand-am-w3-01-13-x&to=video",,analog-myth-01-13-cover,yes,auto,image,,,,,
FP-BRAND-AM-W3-01-13-FACEBOOK,2026-07-20T11:20:00-04:00,Facebook,Analog Myth,Analog Myth track 1 cover,https://www.lilyroo.com/assets/albums/analog-myth/art/01-13.jpg,,"Analog Myth room note, track 1: 13 still feels like the first page you probably should not have opened.

Album page, Echo Thread play-through, and the full playlist are live.","Analog Myth room note, track 1: 13 still feels like the first page you probably should not have opened.

Album page, Echo Thread play-through, and the full playlist are live.||Second pass through the Analog Myth room: 13 still feels like the first page you probably should not have opened.","Analog Myth: https://www.lilyroo.com/go/am.html?p=fp-brand-am-w3-01-13-facebook&to=album
Echo Thread: https://www.lilyroo.com/go/am.html?p=fp-brand-am-w3-01-13-facebook&to=echo
Track video: https://www.lilyroo.com/go/am.html?p=fp-brand-am-w3-01-13-facebook&to=video",,analog-myth-01-13-cover,yes,auto,image,,,,,
FP-BRAND-AM-W3-02-GIRLS-CAMP-X,2026-07-21T10:15:00-04:00,X,Analog Myth,Analog Myth track 2 cover,https://www.lilyroo.com/assets/albums/analog-myth/art/02-girls-camp.jpg,,"Room note from Analog Myth: Girls Camp keeps the flashlight on under the bunk.

Album room: https://www.lilyroo.com/go/am.html?p=fp-brand-am-w3-02-girls-camp-x&to=album","Room note from Analog Myth: Girls Camp keeps the flashlight on under the bunk.

Album room: https://www.lilyroo.com/go/am.html?p=fp-brand-am-w3-02-girls-camp-x&to=album||Second pass through the Analog Myth room: Girls Camp keeps the flashlight on under the bunk.

Album room: https://www.lilyroo.com/go/am.html?p=fp-brand-am-w3-02-girls-camp-x&to=album","Album: https://www.lilyroo.com/go/am.html?p=fp-brand-am-w3-02-girls-camp-x&to=album
Echo: https://www.lilyroo.com/go/am.html?p=fp-brand-am-w3-02-girls-camp-x&to=echo
Video: https://www.lilyroo.com/go/am.html?p=fp-brand-am-w3-02-girls-camp-x&to=video",,analog-myth-02-girls-camp-cover,yes,auto,image,,,,,
FP-BRAND-AM-W3-02-GIRLS-CAMP-FACEBOOK,2026-07-21T11:20:00-04:00,Facebook,Analog Myth,Analog Myth track 2 cover,https://www.lilyroo.com/assets/albums/analog-myth/art/02-girls-camp.jpg,,"Analog Myth room note, track 2: Girls Camp keeps the flashlight on under the bunk.

Album page, Echo Thread play-through, and the full playlist are live.","Analog Myth room note, track 2: Girls Camp keeps the flashlight on under the bunk.

Album page, Echo Thread play-through, and the full playlist are live.||Second pass through the Analog Myth room: Girls Camp keeps the flashlight on under the bunk.","Analog Myth: https://www.lilyroo.com/go/am.html?p=fp-brand-am-w3-02-girls-camp-facebook&to=album
Echo Thread: https://www.lilyroo.com/go/am.html?p=fp-brand-am-w3-02-girls-camp-facebook&to=echo
Track video: https://www.lilyroo.com/go/am.html?p=fp-brand-am-w3-02-girls-camp-facebook&to=video",,analog-myth-02-girls-camp-cover,yes,auto,image,,,,,
FP-BRAND-AM-W3-03-ANALOG-MYTH-X,2026-07-22T10:15:00-04:00,X,Analog Myth,Analog Myth track 3 cover,https://www.lilyroo.com/assets/albums/analog-myth/art/03-analog-myth.jpg,,"Room note from Analog Myth: Analog Myth is the title track for anyone who likes their clocks a little unreliable.

Album room: https://www.lilyroo.com/go/am.html?p=fp-brand-am-w3-03-analog-myth-x&to=album","Room note from Analog Myth: Analog Myth is the title track for anyone who likes their clocks a little unreliable.

Album room: https://www.lilyroo.com/go/am.html?p=fp-brand-am-w3-03-analog-myth-x&to=album||Second pass through the Analog Myth room: Analog Myth is the title track for anyone who likes their clocks a little unreliable.

Album room: https://www.lilyroo.com/go/am.html?p=fp-brand-am-w3-03-analog-myth-x&to=album","Album: https://www.lilyroo.com/go/am.html?p=fp-brand-am-w3-03-analog-myth-x&to=album
Echo: https://www.lilyroo.com/go/am.html?p=fp-brand-am-w3-03-analog-myth-x&to=echo
Video: https://www.lilyroo.com/go/am.html?p=fp-brand-am-w3-03-analog-myth-x&to=video",,analog-myth-03-analog-myth-cover,yes,auto,image,,,,,
FP-BRAND-AM-W3-03-ANALOG-MYTH-FACEBOOK,2026-07-22T11:20:00-04:00,Facebook,Analog Myth,Analog Myth track 3 cover,https://www.lilyroo.com/assets/albums/analog-myth/art/03-analog-myth.jpg,,"Analog Myth room note, track 3: Analog Myth is the title track for anyone who likes their clocks a little unreliable.

Album page, Echo Thread play-through, and the full playlist are live.","Analog Myth room note, track 3: Analog Myth is the title track for anyone who likes their clocks a little unreliable.

Album page, Echo Thread play-through, and the full playlist are live.||Second pass through the Analog Myth room: Analog Myth is the title track for anyone who likes their clocks a little unreliable.","Analog Myth: https://www.lilyroo.com/go/am.html?p=fp-brand-am-w3-03-analog-myth-facebook&to=album
Echo Thread: https://www.lilyroo.com/go/am.html?p=fp-brand-am-w3-03-analog-myth-facebook&to=echo
Track video: https://www.lilyroo.com/go/am.html?p=fp-brand-am-w3-03-analog-myth-facebook&to=video",,analog-myth-03-analog-myth-cover,yes,auto,image,,,,,
FP-BRAND-AM-W3-04-SPILLING-THE-TEA-X,2026-07-23T10:15:00-04:00,X,Analog Myth,Analog Myth track 4 cover,https://www.lilyroo.com/assets/albums/analog-myth/art/04-spilling-the-tea.jpg,,"Room note from Analog Myth: Spilling the Tea keeps the story bright, crooked, and a little too well documented.

Album room: https://www.lilyroo.com/go/am.html?p=fp-brand-am-w3-04-spilling-the-tea-x&to=album","Room note from Analog Myth: Spilling the Tea keeps the story bright, crooked, and a little too well documented.

Album room: https://www.lilyroo.com/go/am.html?p=fp-brand-am-w3-04-spilling-the-tea-x&to=album||Second pass through the Analog Myth room: Spilling the Tea keeps the story bright, crooked, and a little too well documented.

Album room: https://www.lilyroo.com/go/am.html?p=fp-brand-am-w3-04-spilling-the-tea-x&to=album","Album: https://www.lilyroo.com/go/am.html?p=fp-brand-am-w3-04-spilling-the-tea-x&to=album
Echo: https://www.lilyroo.com/go/am.html?p=fp-brand-am-w3-04-spilling-the-tea-x&to=echo
Video: https://www.lilyroo.com/go/am.html?p=fp-brand-am-w3-04-spilling-the-tea-x&to=video",,analog-myth-04-spilling-the-tea-cover,yes,auto,image,,,,,
FP-BRAND-AM-W3-04-SPILLING-THE-TEA-FACEBOOK,2026-07-23T11:20:00-04:00,Facebook,Analog Myth,Analog Myth track 4 cover,https://www.lilyroo.com/assets/albums/analog-myth/art/04-spilling-the-tea.jpg,,"Analog Myth room note, track 4: Spilling the Tea keeps the story bright, crooked, and a little too well documented.

Album page, Echo Thread play-through, and the full playlist are live.","Analog Myth room note, track 4: Spilling the Tea keeps the story bright, crooked, and a little too well documented.

Album page, Echo Thread play-through, and the full playlist are live.||Second pass through the Analog Myth room: Spilling the Tea keeps the story bright, crooked, and a little too well documented.","Analog Myth: https://www.lilyroo.com/go/am.html?p=fp-brand-am-w3-04-spilling-the-tea-facebook&to=album
Echo Thread: https://www.lilyroo.com/go/am.html?p=fp-brand-am-w3-04-spilling-the-tea-facebook&to=echo
Track video: https://www.lilyroo.com/go/am.html?p=fp-brand-am-w3-04-spilling-the-tea-facebook&to=video",,analog-myth-04-spilling-the-tea-cover,yes,auto,image,,,,,
FP-BRAND-AM-W3-05-NO-MORTGAGE-X,2026-07-24T10:15:00-04:00,X,Analog Myth,Analog Myth track 5 cover,https://www.lilyroo.com/assets/albums/analog-myth/art/05-no-mortgage.jpg,,"Room note from Analog Myth: No Mortgage turns the escape fantasy into something you can hum.

Album room: https://www.lilyroo.com/go/am.html?p=fp-brand-am-w3-05-no-mortgage-x&to=album","Room note from Analog Myth: No Mortgage turns the escape fantasy into something you can hum.

Album room: https://www.lilyroo.com/go/am.html?p=fp-brand-am-w3-05-no-mortgage-x&to=album||Second pass through the Analog Myth room: No Mortgage turns the escape fantasy into something you can hum.

Album room: https://www.lilyroo.com/go/am.html?p=fp-brand-am-w3-05-no-mortgage-x&to=album","Album: https://www.lilyroo.com/go/am.html?p=fp-brand-am-w3-05-no-mortgage-x&to=album
Echo: https://www.lilyroo.com/go/am.html?p=fp-brand-am-w3-05-no-mortgage-x&to=echo
Video: https://www.lilyroo.com/go/am.html?p=fp-brand-am-w3-05-no-mortgage-x&to=video",,analog-myth-05-no-mortgage-cover,yes,auto,image,,,,,
FP-BRAND-AM-W3-05-NO-MORTGAGE-FACEBOOK,2026-07-24T11:20:00-04:00,Facebook,Analog Myth,Analog Myth track 5 cover,https://www.lilyroo.com/assets/albums/analog-myth/art/05-no-mortgage.jpg,,"Analog Myth room note, track 5: No Mortgage turns the escape fantasy into something you can hum.

Album page, Echo Thread play-through, and the full playlist are live.","Analog Myth room note, track 5: No Mortgage turns the escape fantasy into something you can hum.

Album page, Echo Thread play-through, and the full playlist are live.||Second pass through the Analog Myth room: No Mortgage turns the escape fantasy into something you can hum.","Analog Myth: https://www.lilyroo.com/go/am.html?p=fp-brand-am-w3-05-no-mortgage-facebook&to=album
Echo Thread: https://www.lilyroo.com/go/am.html?p=fp-brand-am-w3-05-no-mortgage-facebook&to=echo
Track video: https://www.lilyroo.com/go/am.html?p=fp-brand-am-w3-05-no-mortgage-facebook&to=video",,analog-myth-05-no-mortgage-cover,yes,auto,image,,,,,
FP-BRAND-AM-W3-06-GUARDS-DOWN-X,2026-07-25T10:15:00-04:00,X,Analog Myth,Analog Myth track 6 cover,https://www.lilyroo.com/assets/albums/analog-myth/art/06-guards-down.jpg,,"Room note from Analog Myth: Guards Down lets the soft part have the microphone.

Album room: https://www.lilyroo.com/go/am.html?p=fp-brand-am-w3-06-guards-down-x&to=album","Room note from Analog Myth: Guards Down lets the soft part have the microphone.

Album room: https://www.lilyroo.com/go/am.html?p=fp-brand-am-w3-06-guards-down-x&to=album||Second pass through the Analog Myth room: Guards Down lets the soft part have the microphone.

Album room: https://www.lilyroo.com/go/am.html?p=fp-brand-am-w3-06-guards-down-x&to=album","Album: https://www.lilyroo.com/go/am.html?p=fp-brand-am-w3-06-guards-down-x&to=album
Echo: https://www.lilyroo.com/go/am.html?p=fp-brand-am-w3-06-guards-down-x&to=echo
Video: https://www.lilyroo.com/go/am.html?p=fp-brand-am-w3-06-guards-down-x&to=video",,analog-myth-06-guards-down-cover,yes,auto,image,,,,,
FP-BRAND-AM-W3-06-GUARDS-DOWN-FACEBOOK,2026-07-25T11:20:00-04:00,Facebook,Analog Myth,Analog Myth track 6 cover,https://www.lilyroo.com/assets/albums/analog-myth/art/06-guards-down.jpg,,"Analog Myth room note, track 6: Guards Down lets the soft part have the microphone.

Album page, Echo Thread play-through, and the full playlist are live.","Analog Myth room note, track 6: Guards Down lets the soft part have the microphone.

Album page, Echo Thread play-through, and the full playlist are live.||Second pass through the Analog Myth room: Guards Down lets the soft part have the microphone.","Analog Myth: https://www.lilyroo.com/go/am.html?p=fp-brand-am-w3-06-guards-down-facebook&to=album
Echo Thread: https://www.lilyroo.com/go/am.html?p=fp-brand-am-w3-06-guards-down-facebook&to=echo
Track video: https://www.lilyroo.com/go/am.html?p=fp-brand-am-w3-06-guards-down-facebook&to=video",,analog-myth-06-guards-down-cover,yes,auto,image,,,,,
FP-BRAND-AM-W3-07-SLOW-WALK-X,2026-07-26T10:15:00-04:00,X,Analog Myth,Analog Myth track 7 cover,https://www.lilyroo.com/assets/albums/analog-myth/art/07-slow-walk.jpg,,"Room note from Analog Myth: Slow Walk is a reminder that pace can be its own kind of power.

Album room: https://www.lilyroo.com/go/am.html?p=fp-brand-am-w3-07-slow-walk-x&to=album","Room note from Analog Myth: Slow Walk is a reminder that pace can be its own kind of power.

Album room: https://www.lilyroo.com/go/am.html?p=fp-brand-am-w3-07-slow-walk-x&to=album||Second pass through the Analog Myth room: Slow Walk is a reminder that pace can be its own kind of power.

Album room: https://www.lilyroo.com/go/am.html?p=fp-brand-am-w3-07-slow-walk-x&to=album","Album: https://www.lilyroo.com/go/am.html?p=fp-brand-am-w3-07-slow-walk-x&to=album
Echo: https://www.lilyroo.com/go/am.html?p=fp-brand-am-w3-07-slow-walk-x&to=echo
Video: https://www.lilyroo.com/go/am.html?p=fp-brand-am-w3-07-slow-walk-x&to=video",,analog-myth-07-slow-walk-cover,yes,auto,image,,,,,
FP-BRAND-AM-W3-07-SLOW-WALK-FACEBOOK,2026-07-26T11:20:00-04:00,Facebook,Analog Myth,Analog Myth track 7 cover,https://www.lilyroo.com/assets/albums/analog-myth/art/07-slow-walk.jpg,,"Analog Myth room note, track 7: Slow Walk is a reminder that pace can be its own kind of power.

Album page, Echo Thread play-through, and the full playlist are live.","Analog Myth room note, track 7: Slow Walk is a reminder that pace can be its own kind of power.

Album page, Echo Thread play-through, and the full playlist are live.||Second pass through the Analog Myth room: Slow Walk is a reminder that pace can be its own kind of power.","Analog Myth: https://www.lilyroo.com/go/am.html?p=fp-brand-am-w3-07-slow-walk-facebook&to=album
Echo Thread: https://www.lilyroo.com/go/am.html?p=fp-brand-am-w3-07-slow-walk-facebook&to=echo
Track video: https://www.lilyroo.com/go/am.html?p=fp-brand-am-w3-07-slow-walk-facebook&to=video",,analog-myth-07-slow-walk-cover,yes,auto,image,,,,,
FP-BRAND-AM-W3-08-THE-POWER-OF-LIGHT-X,2026-07-27T10:15:00-04:00,X,Analog Myth,Analog Myth track 8 cover,https://www.lilyroo.com/assets/albums/analog-myth/art/08-the-power-of-light.png,,"Room note from Analog Myth: The Power of Light leaves the room glowing after the last switch clicks.

Album room: https://www.lilyroo.com/go/am.html?p=fp-brand-am-w3-08-the-power-of-light-x&to=album","Room note from Analog Myth: The Power of Light leaves the room glowing after the last switch clicks.

Album room: https://www.lilyroo.com/go/am.html?p=fp-brand-am-w3-08-the-power-of-light-x&to=album||Second pass through the Analog Myth room: The Power of Light leaves the room glowing after the last switch clicks.

Album room: https://www.lilyroo.com/go/am.html?p=fp-brand-am-w3-08-the-power-of-light-x&to=album","Album: https://www.lilyroo.com/go/am.html?p=fp-brand-am-w3-08-the-power-of-light-x&to=album
Echo: https://www.lilyroo.com/go/am.html?p=fp-brand-am-w3-08-the-power-of-light-x&to=echo
Video: https://www.lilyroo.com/go/am.html?p=fp-brand-am-w3-08-the-power-of-light-x&to=video",,analog-myth-08-the-power-of-light-cover,yes,auto,image,,,,,
FP-BRAND-AM-W3-08-THE-POWER-OF-LIGHT-FACEBOOK,2026-07-27T11:20:00-04:00,Facebook,Analog Myth,Analog Myth track 8 cover,https://www.lilyroo.com/assets/albums/analog-myth/art/08-the-power-of-light.png,,"Analog Myth room note, track 8: The Power of Light leaves the room glowing after the last switch clicks.

Album page, Echo Thread play-through, and the full playlist are live.","Analog Myth room note, track 8: The Power of Light leaves the room glowing after the last switch clicks.

Album page, Echo Thread play-through, and the full playlist are live.||Second pass through the Analog Myth room: The Power of Light leaves the room glowing after the last switch clicks.","Analog Myth: https://www.lilyroo.com/go/am.html?p=fp-brand-am-w3-08-the-power-of-light-facebook&to=album
Echo Thread: https://www.lilyroo.com/go/am.html?p=fp-brand-am-w3-08-the-power-of-light-facebook&to=echo
Track video: https://www.lilyroo.com/go/am.html?p=fp-brand-am-w3-08-the-power-of-light-facebook&to=video",,analog-myth-08-the-power-of-light-cover,yes,auto,image,,,,,
FP-BRAND-AM-W4-01-13-X,2026-07-28T10:15:00-04:00,X,Analog Myth,Analog Myth track 1 cover,https://www.lilyroo.com/assets/albums/analog-myth/art/01-13.jpg,,"Analog Myth signal trace: 13 starts with the kind of number that turns into weather.

Album room: https://www.lilyroo.com/go/am.html?p=fp-brand-am-w4-01-13-x&to=album","Analog Myth signal trace: 13 starts with the kind of number that turns into weather.

Album room: https://www.lilyroo.com/go/am.html?p=fp-brand-am-w4-01-13-x&to=album||Second pass through the Analog Myth room: 13 starts with the kind of number that turns into weather.

Album room: https://www.lilyroo.com/go/am.html?p=fp-brand-am-w4-01-13-x&to=album","Album: https://www.lilyroo.com/go/am.html?p=fp-brand-am-w4-01-13-x&to=album
Echo: https://www.lilyroo.com/go/am.html?p=fp-brand-am-w4-01-13-x&to=echo
Video: https://www.lilyroo.com/go/am.html?p=fp-brand-am-w4-01-13-x&to=video",,analog-myth-01-13-cover,yes,auto,image,,,,,
FP-BRAND-AM-W4-01-13-FACEBOOK,2026-07-28T11:20:00-04:00,Facebook,Analog Myth,Analog Myth track 1 cover,https://www.lilyroo.com/assets/albums/analog-myth/art/01-13.jpg,,"Analog Myth signal trace, track 1: 13 starts with the kind of number that turns into weather.

Album page, Echo Thread play-through, and the full playlist are live.","Analog Myth signal trace, track 1: 13 starts with the kind of number that turns into weather.

Album page, Echo Thread play-through, and the full playlist are live.||Second pass through the Analog Myth room: 13 starts with the kind of number that turns into weather.","Analog Myth: https://www.lilyroo.com/go/am.html?p=fp-brand-am-w4-01-13-facebook&to=album
Echo Thread: https://www.lilyroo.com/go/am.html?p=fp-brand-am-w4-01-13-facebook&to=echo
Track video: https://www.lilyroo.com/go/am.html?p=fp-brand-am-w4-01-13-facebook&to=video",,analog-myth-01-13-cover,yes,auto,image,,,,,
FP-BRAND-AM-W4-02-GIRLS-CAMP-X,2026-07-29T10:15:00-04:00,X,Analog Myth,Analog Myth track 2 cover,https://www.lilyroo.com/assets/albums/analog-myth/art/02-girls-camp.jpg,,"Analog Myth signal trace: Girls Camp keeps the ghost story bright enough to see the fingerprints.

Album room: https://www.lilyroo.com/go/am.html?p=fp-brand-am-w4-02-girls-camp-x&to=album","Analog Myth signal trace: Girls Camp keeps the ghost story bright enough to see the fingerprints.

Album room: https://www.lilyroo.com/go/am.html?p=fp-brand-am-w4-02-girls-camp-x&to=album||Second pass through the Analog Myth room: Girls Camp keeps the ghost story bright enough to see the fingerprints.

Album room: https://www.lilyroo.com/go/am.html?p=fp-brand-am-w4-02-girls-camp-x&to=album","Album: https://www.lilyroo.com/go/am.html?p=fp-brand-am-w4-02-girls-camp-x&to=album
Echo: https://www.lilyroo.com/go/am.html?p=fp-brand-am-w4-02-girls-camp-x&to=echo
Video: https://www.lilyroo.com/go/am.html?p=fp-brand-am-w4-02-girls-camp-x&to=video",,analog-myth-02-girls-camp-cover,yes,auto,image,,,,,
FP-BRAND-AM-W4-02-GIRLS-CAMP-FACEBOOK,2026-07-29T11:20:00-04:00,Facebook,Analog Myth,Analog Myth track 2 cover,https://www.lilyroo.com/assets/albums/analog-myth/art/02-girls-camp.jpg,,"Analog Myth signal trace, track 2: Girls Camp keeps the ghost story bright enough to see the fingerprints.

Album page, Echo Thread play-through, and the full playlist are live.","Analog Myth signal trace, track 2: Girls Camp keeps the ghost story bright enough to see the fingerprints.

Album page, Echo Thread play-through, and the full playlist are live.||Second pass through the Analog Myth room: Girls Camp keeps the ghost story bright enough to see the fingerprints.","Analog Myth: https://www.lilyroo.com/go/am.html?p=fp-brand-am-w4-02-girls-camp-facebook&to=album
Echo Thread: https://www.lilyroo.com/go/am.html?p=fp-brand-am-w4-02-girls-camp-facebook&to=echo
Track video: https://www.lilyroo.com/go/am.html?p=fp-brand-am-w4-02-girls-camp-facebook&to=video",,analog-myth-02-girls-camp-cover,yes,auto,image,,,,,
FP-BRAND-AM-W4-03-ANALOG-MYTH-X,2026-07-30T10:15:00-04:00,X,Analog Myth,Analog Myth track 3 cover,https://www.lilyroo.com/assets/albums/analog-myth/art/03-analog-myth.jpg,,"Analog Myth signal trace: Analog Myth lets the tape hiss become part of the truth.

Album room: https://www.lilyroo.com/go/am.html?p=fp-brand-am-w4-03-analog-myth-x&to=album","Analog Myth signal trace: Analog Myth lets the tape hiss become part of the truth.

Album room: https://www.lilyroo.com/go/am.html?p=fp-brand-am-w4-03-analog-myth-x&to=album||Second pass through the Analog Myth room: Analog Myth lets the tape hiss become part of the truth.

Album room: https://www.lilyroo.com/go/am.html?p=fp-brand-am-w4-03-analog-myth-x&to=album","Album: https://www.lilyroo.com/go/am.html?p=fp-brand-am-w4-03-analog-myth-x&to=album
Echo: https://www.lilyroo.com/go/am.html?p=fp-brand-am-w4-03-analog-myth-x&to=echo
Video: https://www.lilyroo.com/go/am.html?p=fp-brand-am-w4-03-analog-myth-x&to=video",,analog-myth-03-analog-myth-cover,yes,auto,image,,,,,
FP-BRAND-AM-W4-03-ANALOG-MYTH-FACEBOOK,2026-07-30T11:20:00-04:00,Facebook,Analog Myth,Analog Myth track 3 cover,https://www.lilyroo.com/assets/albums/analog-myth/art/03-analog-myth.jpg,,"Analog Myth signal trace, track 3: Analog Myth lets the tape hiss become part of the truth.

Album page, Echo Thread play-through, and the full playlist are live.","Analog Myth signal trace, track 3: Analog Myth lets the tape hiss become part of the truth.

Album page, Echo Thread play-through, and the full playlist are live.||Second pass through the Analog Myth room: Analog Myth lets the tape hiss become part of the truth.","Analog Myth: https://www.lilyroo.com/go/am.html?p=fp-brand-am-w4-03-analog-myth-facebook&to=album
Echo Thread: https://www.lilyroo.com/go/am.html?p=fp-brand-am-w4-03-analog-myth-facebook&to=echo
Track video: https://www.lilyroo.com/go/am.html?p=fp-brand-am-w4-03-analog-myth-facebook&to=video",,analog-myth-03-analog-myth-cover,yes,auto,image,,,,,
FP-BRAND-AM-W4-04-SPILLING-THE-TEA-X,2026-07-31T10:15:00-04:00,X,Analog Myth,Analog Myth track 4 cover,https://www.lilyroo.com/assets/albums/analog-myth/art/04-spilling-the-tea.jpg,,"Analog Myth signal trace: Spilling the Tea makes the side-eye cinematic without losing the grin.

Album room: https://www.lilyroo.com/go/am.html?p=fp-brand-am-w4-04-spilling-the-tea-x&to=album","Analog Myth signal trace: Spilling the Tea makes the side-eye cinematic without losing the grin.

Album room: https://www.lilyroo.com/go/am.html?p=fp-brand-am-w4-04-spilling-the-tea-x&to=album||Second pass through the Analog Myth room: Spilling the Tea makes the side-eye cinematic without losing the grin.

Album room: https://www.lilyroo.com/go/am.html?p=fp-brand-am-w4-04-spilling-the-tea-x&to=album","Album: https://www.lilyroo.com/go/am.html?p=fp-brand-am-w4-04-spilling-the-tea-x&to=album
Echo: https://www.lilyroo.com/go/am.html?p=fp-brand-am-w4-04-spilling-the-tea-x&to=echo
Video: https://www.lilyroo.com/go/am.html?p=fp-brand-am-w4-04-spilling-the-tea-x&to=video",,analog-myth-04-spilling-the-tea-cover,yes,auto,image,,,,,
FP-BRAND-AM-W4-04-SPILLING-THE-TEA-FACEBOOK,2026-07-31T11:20:00-04:00,Facebook,Analog Myth,Analog Myth track 4 cover,https://www.lilyroo.com/assets/albums/analog-myth/art/04-spilling-the-tea.jpg,,"Analog Myth signal trace, track 4: Spilling the Tea makes the side-eye cinematic without losing the grin.

Album page, Echo Thread play-through, and the full playlist are live.","Analog Myth signal trace, track 4: Spilling the Tea makes the side-eye cinematic without losing the grin.

Album page, Echo Thread play-through, and the full playlist are live.||Second pass through the Analog Myth room: Spilling the Tea makes the side-eye cinematic without losing the grin.","Analog Myth: https://www.lilyroo.com/go/am.html?p=fp-brand-am-w4-04-spilling-the-tea-facebook&to=album
Echo Thread: https://www.lilyroo.com/go/am.html?p=fp-brand-am-w4-04-spilling-the-tea-facebook&to=echo
Track video: https://www.lilyroo.com/go/am.html?p=fp-brand-am-w4-04-spilling-the-tea-facebook&to=video",,analog-myth-04-spilling-the-tea-cover,yes,auto,image,,,,,
FP-BRAND-AM-W4-05-NO-MORTGAGE-X,2026-08-01T10:15:00-04:00,X,Analog Myth,Analog Myth track 5 cover,https://www.lilyroo.com/assets/albums/analog-myth/art/05-no-mortgage.jpg,,"Analog Myth signal trace: No Mortgage sounds like a house key landing on the table.

Album room: https://www.lilyroo.com/go/am.html?p=fp-brand-am-w4-05-no-mortgage-x&to=album","Analog Myth signal trace: No Mortgage sounds like a house key landing on the table.

Album room: https://www.lilyroo.com/go/am.html?p=fp-brand-am-w4-05-no-mortgage-x&to=album||Second pass through the Analog Myth room: No Mortgage sounds like a house key landing on the table.

Album room: https://www.lilyroo.com/go/am.html?p=fp-brand-am-w4-05-no-mortgage-x&to=album","Album: https://www.lilyroo.com/go/am.html?p=fp-brand-am-w4-05-no-mortgage-x&to=album
Echo: https://www.lilyroo.com/go/am.html?p=fp-brand-am-w4-05-no-mortgage-x&to=echo
Video: https://www.lilyroo.com/go/am.html?p=fp-brand-am-w4-05-no-mortgage-x&to=video",,analog-myth-05-no-mortgage-cover,yes,auto,image,,,,,
FP-BRAND-AM-W4-05-NO-MORTGAGE-FACEBOOK,2026-08-01T11:20:00-04:00,Facebook,Analog Myth,Analog Myth track 5 cover,https://www.lilyroo.com/assets/albums/analog-myth/art/05-no-mortgage.jpg,,"Analog Myth signal trace, track 5: No Mortgage sounds like a house key landing on the table.

Album page, Echo Thread play-through, and the full playlist are live.","Analog Myth signal trace, track 5: No Mortgage sounds like a house key landing on the table.

Album page, Echo Thread play-through, and the full playlist are live.||Second pass through the Analog Myth room: No Mortgage sounds like a house key landing on the table.","Analog Myth: https://www.lilyroo.com/go/am.html?p=fp-brand-am-w4-05-no-mortgage-facebook&to=album
Echo Thread: https://www.lilyroo.com/go/am.html?p=fp-brand-am-w4-05-no-mortgage-facebook&to=echo
Track video: https://www.lilyroo.com/go/am.html?p=fp-brand-am-w4-05-no-mortgage-facebook&to=video",,analog-myth-05-no-mortgage-cover,yes,auto,image,,,,,
FP-BRAND-AM-W4-06-GUARDS-DOWN-X,2026-08-02T10:15:00-04:00,X,Analog Myth,Analog Myth track 6 cover,https://www.lilyroo.com/assets/albums/analog-myth/art/06-guards-down.jpg,,"Analog Myth signal trace: Guards Down catches the exact second the brave face slips.

Album room: https://www.lilyroo.com/go/am.html?p=fp-brand-am-w4-06-guards-down-x&to=album","Analog Myth signal trace: Guards Down catches the exact second the brave face slips.

Album room: https://www.lilyroo.com/go/am.html?p=fp-brand-am-w4-06-guards-down-x&to=album||Second pass through the Analog Myth room: Guards Down catches the exact second the brave face slips.

Album room: https://www.lilyroo.com/go/am.html?p=fp-brand-am-w4-06-guards-down-x&to=album","Album: https://www.lilyroo.com/go/am.html?p=fp-brand-am-w4-06-guards-down-x&to=album
Echo: https://www.lilyroo.com/go/am.html?p=fp-brand-am-w4-06-guards-down-x&to=echo
Video: https://www.lilyroo.com/go/am.html?p=fp-brand-am-w4-06-guards-down-x&to=video",,analog-myth-06-guards-down-cover,yes,auto,image,,,,,
FP-BRAND-AM-W4-06-GUARDS-DOWN-FACEBOOK,2026-08-02T11:20:00-04:00,Facebook,Analog Myth,Analog Myth track 6 cover,https://www.lilyroo.com/assets/albums/analog-myth/art/06-guards-down.jpg,,"Analog Myth signal trace, track 6: Guards Down catches the exact second the brave face slips.

Album page, Echo Thread play-through, and the full playlist are live.","Analog Myth signal trace, track 6: Guards Down catches the exact second the brave face slips.

Album page, Echo Thread play-through, and the full playlist are live.||Second pass through the Analog Myth room: Guards Down catches the exact second the brave face slips.","Analog Myth: https://www.lilyroo.com/go/am.html?p=fp-brand-am-w4-06-guards-down-facebook&to=album
Echo Thread: https://www.lilyroo.com/go/am.html?p=fp-brand-am-w4-06-guards-down-facebook&to=echo
Track video: https://www.lilyroo.com/go/am.html?p=fp-brand-am-w4-06-guards-down-facebook&to=video",,analog-myth-06-guards-down-cover,yes,auto,image,,,,,
FP-BRAND-AM-W4-07-SLOW-WALK-X,2026-08-03T10:15:00-04:00,X,Analog Myth,Analog Myth track 7 cover,https://www.lilyroo.com/assets/albums/analog-myth/art/07-slow-walk.jpg,,"Analog Myth signal trace: Slow Walk moves like it knows the shortcut is a trap.

Album room: https://www.lilyroo.com/go/am.html?p=fp-brand-am-w4-07-slow-walk-x&to=album","Analog Myth signal trace: Slow Walk moves like it knows the shortcut is a trap.

Album room: https://www.lilyroo.com/go/am.html?p=fp-brand-am-w4-07-slow-walk-x&to=album||Second pass through the Analog Myth room: Slow Walk moves like it knows the shortcut is a trap.

Album room: https://www.lilyroo.com/go/am.html?p=fp-brand-am-w4-07-slow-walk-x&to=album","Album: https://www.lilyroo.com/go/am.html?p=fp-brand-am-w4-07-slow-walk-x&to=album
Echo: https://www.lilyroo.com/go/am.html?p=fp-brand-am-w4-07-slow-walk-x&to=echo
Video: https://www.lilyroo.com/go/am.html?p=fp-brand-am-w4-07-slow-walk-x&to=video",,analog-myth-07-slow-walk-cover,yes,auto,image,,,,,
FP-BRAND-AM-W4-07-SLOW-WALK-FACEBOOK,2026-08-03T11:20:00-04:00,Facebook,Analog Myth,Analog Myth track 7 cover,https://www.lilyroo.com/assets/albums/analog-myth/art/07-slow-walk.jpg,,"Analog Myth signal trace, track 7: Slow Walk moves like it knows the shortcut is a trap.

Album page, Echo Thread play-through, and the full playlist are live.","Analog Myth signal trace, track 7: Slow Walk moves like it knows the shortcut is a trap.

Album page, Echo Thread play-through, and the full playlist are live.||Second pass through the Analog Myth room: Slow Walk moves like it knows the shortcut is a trap.","Analog Myth: https://www.lilyroo.com/go/am.html?p=fp-brand-am-w4-07-slow-walk-facebook&to=album
Echo Thread: https://www.lilyroo.com/go/am.html?p=fp-brand-am-w4-07-slow-walk-facebook&to=echo
Track video: https://www.lilyroo.com/go/am.html?p=fp-brand-am-w4-07-slow-walk-facebook&to=video",,analog-myth-07-slow-walk-cover,yes,auto,image,,,,,
FP-BRAND-AM-W4-08-THE-POWER-OF-LIGHT-X,2026-08-04T10:15:00-04:00,X,Analog Myth,Analog Myth track 8 cover,https://www.lilyroo.com/assets/albums/analog-myth/art/08-the-power-of-light.png,,"Analog Myth signal trace: The Power of Light turns the last switch into a little revelation.

Album room: https://www.lilyroo.com/go/am.html?p=fp-brand-am-w4-08-the-power-of-light-x&to=album","Analog Myth signal trace: The Power of Light turns the last switch into a little revelation.

Album room: https://www.lilyroo.com/go/am.html?p=fp-brand-am-w4-08-the-power-of-light-x&to=album||Second pass through the Analog Myth room: The Power of Light turns the last switch into a little revelation.

Album room: https://www.lilyroo.com/go/am.html?p=fp-brand-am-w4-08-the-power-of-light-x&to=album","Album: https://www.lilyroo.com/go/am.html?p=fp-brand-am-w4-08-the-power-of-light-x&to=album
Echo: https://www.lilyroo.com/go/am.html?p=fp-brand-am-w4-08-the-power-of-light-x&to=echo
Video: https://www.lilyroo.com/go/am.html?p=fp-brand-am-w4-08-the-power-of-light-x&to=video",,analog-myth-08-the-power-of-light-cover,yes,auto,image,,,,,
FP-BRAND-AM-W4-08-THE-POWER-OF-LIGHT-FACEBOOK,2026-08-04T11:20:00-04:00,Facebook,Analog Myth,Analog Myth track 8 cover,https://www.lilyroo.com/assets/albums/analog-myth/art/08-the-power-of-light.png,,"Analog Myth signal trace, track 8: The Power of Light turns the last switch into a little revelation.

Album page, Echo Thread play-through, and the full playlist are live.","Analog Myth signal trace, track 8: The Power of Light turns the last switch into a little revelation.

Album page, Echo Thread play-through, and the full playlist are live.||Second pass through the Analog Myth room: The Power of Light turns the last switch into a little revelation.","Analog Myth: https://www.lilyroo.com/go/am.html?p=fp-brand-am-w4-08-the-power-of-light-facebook&to=album
Echo Thread: https://www.lilyroo.com/go/am.html?p=fp-brand-am-w4-08-the-power-of-light-facebook&to=echo
Track video: https://www.lilyroo.com/go/am.html?p=fp-brand-am-w4-08-the-power-of-light-facebook&to=video",,analog-myth-08-the-power-of-light-cover,yes,auto,image,,,,,
